    1,As Ah Ad
    2,As Ah Ks
    3,As Ah Kd
    4,As Ah Qs
    5,As Ah Qd
    6,As Ah Js
    7,As Ah Jd
    8,As Ah Ts
    9,As Ah Td
   10,As Ah 9s
   11,As Ah 9d
   12,As Ah 8s
   13,As Ah 8d
   14,As Ah 7s
   15,As Ah 7d
   16,As Ah 6s
   17,As Ah 6d
   18,As Ah 5s
   19,As Ah 5d
   20,As Ah 4s
   21,As Ah 4d
   22,As Ah 3s
   23,As Ah 3d
   24,As Ah 2s
   25,As Ah 2d
   26,As Ks Kh
   27,As Kh Kd
   28,As Ks Qs
   29,As Ks Qh
   30,As Kh Qs
   31,As Kh Qh
   32,As Kh Qd
   33,As Ks Js
   34,As Ks Jh
   35,As Kh Js
   36,As Kh Jh
   37,As Kh Jd
   38,As Ks Ts
   39,As Ks Th
   40,As Kh Ts
   41,As Kh Th
   42,As Kh Td
   43,As Ks 9s
   44,As Ks 9h
   45,As Kh 9s
   46,As Kh 9h
   47,As Kh 9d
   48,As Ks 8s
   49,As Ks 8h
   50,As Kh 8s
   51,As Kh 8h
   52,As Kh 8d
   53,As Ks 7s
   54,As Ks 7h
   55,As Kh 7s
   56,As Kh 7h
   57,As Kh 7d
   58,As Ks 6s
   59,As Ks 6h
   60,As Kh 6s
   61,As Kh 6h
   62,As Kh 6d
   63,As Ks 5s
   64,As Ks 5h
   65,As Kh 5s
   66,As Kh 5h
   67,As Kh 5d
   68,As Ks 4s
   69,As Ks 4h
   70,As Kh 4s
   71,As Kh 4h
   72,As Kh 4d
   73,As Ks 3s
   74,As Ks 3h
   75,As Kh 3s
   76,As Kh 3h
   77,As Kh 3d
   78,As Ks 2s
   79,As Ks 2h
   80,As Kh 2s
   81,As Kh 2h
   82,As Kh 2d
   83,As Qs Qh
   84,As Qh Qd
   85,As Qs Js
   86,As Qs Jh
   87,As Qh Js
   88,As Qh Jh
   89,As Qh Jd
   90,As Qs Ts
   91,As Qs Th
   92,As Qh Ts
   93,As Qh Th
   94,As Qh Td
   95,As Qs 9s
   96,As Qs 9h
   97,As Qh 9s
   98,As Qh 9h
   99,As Qh 9d
  100,As Qs 8s
  101,As Qs 8h
  102,As Qh 8s
  103,As Qh 8h
  104,As Qh 8d
  105,As Qs 7s
  106,As Qs 7h
  107,As Qh 7s
  108,As Qh 7h
  109,As Qh 7d
  110,As Qs 6s
  111,As Qs 6h
  112,As Qh 6s
  113,As Qh 6h
  114,As Qh 6d
  115,As Qs 5s
  116,As Qs 5h
  117,As Qh 5s
  118,As Qh 5h
  119,As Qh 5d
  120,As Qs 4s
  121,As Qs 4h
  122,As Qh 4s
  123,As Qh 4h
  124,As Qh 4d
  125,As Qs 3s
  126,As Qs 3h
  127,As Qh 3s
  128,As Qh 3h
  129,As Qh 3d
  130,As Qs 2s
  131,As Qs 2h
  132,As Qh 2s
  133,As Qh 2h
  134,As Qh 2d
  135,As Js Jh
  136,As Jh Jd
  137,As Js Ts
  138,As Js Th
  139,As Jh Ts
  140,As Jh Th
  141,As Jh Td
  142,As Js 9s
  143,As Js 9h
  144,As Jh 9s
  145,As Jh 9h
  146,As Jh 9d
  147,As Js 8s
  148,As Js 8h
  149,As Jh 8s
  150,As Jh 8h
  151,As Jh 8d
  152,As Js 7s
  153,As Js 7h
  154,As Jh 7s
  155,As Jh 7h
  156,As Jh 7d
  157,As Js 6s
  158,As Js 6h
  159,As Jh 6s
  160,As Jh 6h
  161,As Jh 6d
  162,As Js 5s
  163,As Js 5h
  164,As Jh 5s
  165,As Jh 5h
  166,As Jh 5d
  167,As Js 4s
  168,As Js 4h
  169,As Jh 4s
  170,As Jh 4h
  171,As Jh 4d
  172,As Js 3s
  173,As Js 3h
  174,As Jh 3s
  175,As Jh 3h
  176,As Jh 3d
  177,As Js 2s
  178,As Js 2h
  179,As Jh 2s
  180,As Jh 2h
  181,As Jh 2d
  182,As Ts Th
  183,As Th Td
  184,As Ts 9s
  185,As Ts 9h
  186,As Th 9s
  187,As Th 9h
  188,As Th 9d
  189,As Ts 8s
  190,As Ts 8h
  191,As Th 8s
  192,As Th 8h
  193,As Th 8d
  194,As Ts 7s
  195,As Ts 7h
  196,As Th 7s
  197,As Th 7h
  198,As Th 7d
  199,As Ts 6s
  200,As Ts 6h
  201,As Th 6s
  202,As Th 6h
  203,As Th 6d
  204,As Ts 5s
  205,As Ts 5h
  206,As Th 5s
  207,As Th 5h
  208,As Th 5d
  209,As Ts 4s
  210,As Ts 4h
  211,As Th 4s
  212,As Th 4h
  213,As Th 4d
  214,As Ts 3s
  215,As Ts 3h
  216,As Th 3s
  217,As Th 3h
  218,As Th 3d
  219,As Ts 2s
  220,As Ts 2h
  221,As Th 2s
  222,As Th 2h
  223,As Th 2d
  224,As 9s 9h
  225,As 9h 9d
  226,As 9s 8s
  227,As 9s 8h
  228,As 9h 8s
  229,As 9h 8h
  230,As 9h 8d
  231,As 9s 7s
  232,As 9s 7h
  233,As 9h 7s
  234,As 9h 7h
  235,As 9h 7d
  236,As 9s 6s
  237,As 9s 6h
  238,As 9h 6s
  239,As 9h 6h
  240,As 9h 6d
  241,As 9s 5s
  242,As 9s 5h
  243,As 9h 5s
  244,As 9h 5h
  245,As 9h 5d
  246,As 9s 4s
  247,As 9s 4h
  248,As 9h 4s
  249,As 9h 4h
  250,As 9h 4d
  251,As 9s 3s
  252,As 9s 3h
  253,As 9h 3s
  254,As 9h 3h
  255,As 9h 3d
  256,As 9s 2s
  257,As 9s 2h
  258,As 9h 2s
  259,As 9h 2h
  260,As 9h 2d
  261,As 8s 8h
  262,As 8h 8d
  263,As 8s 7s
  264,As 8s 7h
  265,As 8h 7s
  266,As 8h 7h
  267,As 8h 7d
  268,As 8s 6s
  269,As 8s 6h
  270,As 8h 6s
  271,As 8h 6h
  272,As 8h 6d
  273,As 8s 5s
  274,As 8s 5h
  275,As 8h 5s
  276,As 8h 5h
  277,As 8h 5d
  278,As 8s 4s
  279,As 8s 4h
  280,As 8h 4s
  281,As 8h 4h
  282,As 8h 4d
  283,As 8s 3s
  284,As 8s 3h
  285,As 8h 3s
  286,As 8h 3h
  287,As 8h 3d
  288,As 8s 2s
  289,As 8s 2h
  290,As 8h 2s
  291,As 8h 2h
  292,As 8h 2d
  293,As 7s 7h
  294,As 7h 7d
  295,As 7s 6s
  296,As 7s 6h
  297,As 7h 6s
  298,As 7h 6h
  299,As 7h 6d
  300,As 7s 5s
  301,As 7s 5h
  302,As 7h 5s
  303,As 7h 5h
  304,As 7h 5d
  305,As 7s 4s
  306,As 7s 4h
  307,As 7h 4s
  308,As 7h 4h
  309,As 7h 4d
  310,As 7s 3s
  311,As 7s 3h
  312,As 7h 3s
  313,As 7h 3h
  314,As 7h 3d
  315,As 7s 2s
  316,As 7s 2h
  317,As 7h 2s
  318,As 7h 2h
  319,As 7h 2d
  320,As 6s 6h
  321,As 6h 6d
  322,As 6s 5s
  323,As 6s 5h
  324,As 6h 5s
  325,As 6h 5h
  326,As 6h 5d
  327,As 6s 4s
  328,As 6s 4h
  329,As 6h 4s
  330,As 6h 4h
  331,As 6h 4d
  332,As 6s 3s
  333,As 6s 3h
  334,As 6h 3s
  335,As 6h 3h
  336,As 6h 3d
  337,As 6s 2s
  338,As 6s 2h
  339,As 6h 2s
  340,As 6h 2h
  341,As 6h 2d
  342,As 5s 5h
  343,As 5h 5d
  344,As 5s 4s
  345,As 5s 4h
  346,As 5h 4s
  347,As 5h 4h
  348,As 5h 4d
  349,As 5s 3s
  350,As 5s 3h
  351,As 5h 3s
  352,As 5h 3h
  353,As 5h 3d
  354,As 5s 2s
  355,As 5s 2h
  356,As 5h 2s
  357,As 5h 2h
  358,As 5h 2d
  359,As 4s 4h
  360,As 4h 4d
  361,As 4s 3s
  362,As 4s 3h
  363,As 4h 3s
  364,As 4h 3h
  365,As 4h 3d
  366,As 4s 2s
  367,As 4s 2h
  368,As 4h 2s
  369,As 4h 2h
  370,As 4h 2d
  371,As 3s 3h
  372,As 3h 3d
  373,As 3s 2s
  374,As 3s 2h
  375,As 3h 2s
  376,As 3h 2h
  377,As 3h 2d
  378,As 2s 2h
  379,As 2h 2d
  380,Ks Kh Kd
  381,Ks Kh Qs
  382,Ks Kh Qd
  383,Ks Kh Js
  384,Ks Kh Jd
  385,Ks Kh Ts
  386,Ks Kh Td
  387,Ks Kh 9s
  388,Ks Kh 9d
  389,Ks Kh 8s
  390,Ks Kh 8d
  391,Ks Kh 7s
  392,Ks Kh 7d
  393,Ks Kh 6s
  394,Ks Kh 6d
  395,Ks Kh 5s
  396,Ks Kh 5d
  397,Ks Kh 4s
  398,Ks Kh 4d
  399,Ks Kh 3s
  400,Ks Kh 3d
  401,Ks Kh 2s
  402,Ks Kh 2d
  403,Ks Qs Qh
  404,Ks Qh Qd
  405,Ks Qs Js
  406,Ks Qs Jh
  407,Ks Qh Js
  408,Ks Qh Jh
  409,Ks Qh Jd
  410,Ks Qs Ts
  411,Ks Qs Th
  412,Ks Qh Ts
  413,Ks Qh Th
  414,Ks Qh Td
  415,Ks Qs 9s
  416,Ks Qs 9h
  417,Ks Qh 9s
  418,Ks Qh 9h
  419,Ks Qh 9d
  420,Ks Qs 8s
  421,Ks Qs 8h
  422,Ks Qh 8s
  423,Ks Qh 8h
  424,Ks Qh 8d
  425,Ks Qs 7s
  426,Ks Qs 7h
  427,Ks Qh 7s
  428,Ks Qh 7h
  429,Ks Qh 7d
  430,Ks Qs 6s
  431,Ks Qs 6h
  432,Ks Qh 6s
  433,Ks Qh 6h
  434,Ks Qh 6d
  435,Ks Qs 5s
  436,Ks Qs 5h
  437,Ks Qh 5s
  438,Ks Qh 5h
  439,Ks Qh 5d
  440,Ks Qs 4s
  441,Ks Qs 4h
  442,Ks Qh 4s
  443,Ks Qh 4h
  444,Ks Qh 4d
  445,Ks Qs 3s
  446,Ks Qs 3h
  447,Ks Qh 3s
  448,Ks Qh 3h
  449,Ks Qh 3d
  450,Ks Qs 2s
  451,Ks Qs 2h
  452,Ks Qh 2s
  453,Ks Qh 2h
  454,Ks Qh 2d
  455,Ks Js Jh
  456,Ks Jh Jd
  457,Ks Js Ts
  458,Ks Js Th
  459,Ks Jh Ts
  460,Ks Jh Th
  461,Ks Jh Td
  462,Ks Js 9s
  463,Ks Js 9h
  464,Ks Jh 9s
  465,Ks Jh 9h
  466,Ks Jh 9d
  467,Ks Js 8s
  468,Ks Js 8h
  469,Ks Jh 8s
  470,Ks Jh 8h
  471,Ks Jh 8d
  472,Ks Js 7s
  473,Ks Js 7h
  474,Ks Jh 7s
  475,Ks Jh 7h
  476,Ks Jh 7d
  477,Ks Js 6s
  478,Ks Js 6h
  479,Ks Jh 6s
  480,Ks Jh 6h
  481,Ks Jh 6d
  482,Ks Js 5s
  483,Ks Js 5h
  484,Ks Jh 5s
  485,Ks Jh 5h
  486,Ks Jh 5d
  487,Ks Js 4s
  488,Ks Js 4h
  489,Ks Jh 4s
  490,Ks Jh 4h
  491,Ks Jh 4d
  492,Ks Js 3s
  493,Ks Js 3h
  494,Ks Jh 3s
  495,Ks Jh 3h
  496,Ks Jh 3d
  497,Ks Js 2s
  498,Ks Js 2h
  499,Ks Jh 2s
  500,Ks Jh 2h
  501,Ks Jh 2d
  502,Ks Ts Th
  503,Ks Th Td
  504,Ks Ts 9s
  505,Ks Ts 9h
  506,Ks Th 9s
  507,Ks Th 9h
  508,Ks Th 9d
  509,Ks Ts 8s
  510,Ks Ts 8h
  511,Ks Th 8s
  512,Ks Th 8h
  513,Ks Th 8d
  514,Ks Ts 7s
  515,Ks Ts 7h
  516,Ks Th 7s
  517,Ks Th 7h
  518,Ks Th 7d
  519,Ks Ts 6s
  520,Ks Ts 6h
  521,Ks Th 6s
  522,Ks Th 6h
  523,Ks Th 6d
  524,Ks Ts 5s
  525,Ks Ts 5h
  526,Ks Th 5s
  527,Ks Th 5h
  528,Ks Th 5d
  529,Ks Ts 4s
  530,Ks Ts 4h
  531,Ks Th 4s
  532,Ks Th 4h
  533,Ks Th 4d
  534,Ks Ts 3s
  535,Ks Ts 3h
  536,Ks Th 3s
  537,Ks Th 3h
  538,Ks Th 3d
  539,Ks Ts 2s
  540,Ks Ts 2h
  541,Ks Th 2s
  542,Ks Th 2h
  543,Ks Th 2d
  544,Ks 9s 9h
  545,Ks 9h 9d
  546,Ks 9s 8s
  547,Ks 9s 8h
  548,Ks 9h 8s
  549,Ks 9h 8h
  550,Ks 9h 8d
  551,Ks 9s 7s
  552,Ks 9s 7h
  553,Ks 9h 7s
  554,Ks 9h 7h
  555,Ks 9h 7d
  556,Ks 9s 6s
  557,Ks 9s 6h
  558,Ks 9h 6s
  559,Ks 9h 6h
  560,Ks 9h 6d
  561,Ks 9s 5s
  562,Ks 9s 5h
  563,Ks 9h 5s
  564,Ks 9h 5h
  565,Ks 9h 5d
  566,Ks 9s 4s
  567,Ks 9s 4h
  568,Ks 9h 4s
  569,Ks 9h 4h
  570,Ks 9h 4d
  571,Ks 9s 3s
  572,Ks 9s 3h
  573,Ks 9h 3s
  574,Ks 9h 3h
  575,Ks 9h 3d
  576,Ks 9s 2s
  577,Ks 9s 2h
  578,Ks 9h 2s
  579,Ks 9h 2h
  580,Ks 9h 2d
  581,Ks 8s 8h
  582,Ks 8h 8d
  583,Ks 8s 7s
  584,Ks 8s 7h
  585,Ks 8h 7s
  586,Ks 8h 7h
  587,Ks 8h 7d
  588,Ks 8s 6s
  589,Ks 8s 6h
  590,Ks 8h 6s
  591,Ks 8h 6h
  592,Ks 8h 6d
  593,Ks 8s 5s
  594,Ks 8s 5h
  595,Ks 8h 5s
  596,Ks 8h 5h
  597,Ks 8h 5d
  598,Ks 8s 4s
  599,Ks 8s 4h
  600,Ks 8h 4s
  601,Ks 8h 4h
  602,Ks 8h 4d
  603,Ks 8s 3s
  604,Ks 8s 3h
  605,Ks 8h 3s
  606,Ks 8h 3h
  607,Ks 8h 3d
  608,Ks 8s 2s
  609,Ks 8s 2h
  610,Ks 8h 2s
  611,Ks 8h 2h
  612,Ks 8h 2d
  613,Ks 7s 7h
  614,Ks 7h 7d
  615,Ks 7s 6s
  616,Ks 7s 6h
  617,Ks 7h 6s
  618,Ks 7h 6h
  619,Ks 7h 6d
  620,Ks 7s 5s
  621,Ks 7s 5h
  622,Ks 7h 5s
  623,Ks 7h 5h
  624,Ks 7h 5d
  625,Ks 7s 4s
  626,Ks 7s 4h
  627,Ks 7h 4s
  628,Ks 7h 4h
  629,Ks 7h 4d
  630,Ks 7s 3s
  631,Ks 7s 3h
  632,Ks 7h 3s
  633,Ks 7h 3h
  634,Ks 7h 3d
  635,Ks 7s 2s
  636,Ks 7s 2h
  637,Ks 7h 2s
  638,Ks 7h 2h
  639,Ks 7h 2d
  640,Ks 6s 6h
  641,Ks 6h 6d
  642,Ks 6s 5s
  643,Ks 6s 5h
  644,Ks 6h 5s
  645,Ks 6h 5h
  646,Ks 6h 5d
  647,Ks 6s 4s
  648,Ks 6s 4h
  649,Ks 6h 4s
  650,Ks 6h 4h
  651,Ks 6h 4d
  652,Ks 6s 3s
  653,Ks 6s 3h
  654,Ks 6h 3s
  655,Ks 6h 3h
  656,Ks 6h 3d
  657,Ks 6s 2s
  658,Ks 6s 2h
  659,Ks 6h 2s
  660,Ks 6h 2h
  661,Ks 6h 2d
  662,Ks 5s 5h
  663,Ks 5h 5d
  664,Ks 5s 4s
  665,Ks 5s 4h
  666,Ks 5h 4s
  667,Ks 5h 4h
  668,Ks 5h 4d
  669,Ks 5s 3s
  670,Ks 5s 3h
  671,Ks 5h 3s
  672,Ks 5h 3h
  673,Ks 5h 3d
  674,Ks 5s 2s
  675,Ks 5s 2h
  676,Ks 5h 2s
  677,Ks 5h 2h
  678,Ks 5h 2d
  679,Ks 4s 4h
  680,Ks 4h 4d
  681,Ks 4s 3s
  682,Ks 4s 3h
  683,Ks 4h 3s
  684,Ks 4h 3h
  685,Ks 4h 3d
  686,Ks 4s 2s
  687,Ks 4s 2h
  688,Ks 4h 2s
  689,Ks 4h 2h
  690,Ks 4h 2d
  691,Ks 3s 3h
  692,Ks 3h 3d
  693,Ks 3s 2s
  694,Ks 3s 2h
  695,Ks 3h 2s
  696,Ks 3h 2h
  697,Ks 3h 2d
  698,Ks 2s 2h
  699,Ks 2h 2d
  700,Qs Qh Qd
  701,Qs Qh Js
  702,Qs Qh Jd
  703,Qs Qh Ts
  704,Qs Qh Td
  705,Qs Qh 9s
  706,Qs Qh 9d
  707,Qs Qh 8s
  708,Qs Qh 8d
  709,Qs Qh 7s
  710,Qs Qh 7d
  711,Qs Qh 6s
  712,Qs Qh 6d
  713,Qs Qh 5s
  714,Qs Qh 5d
  715,Qs Qh 4s
  716,Qs Qh 4d
  717,Qs Qh 3s
  718,Qs Qh 3d
  719,Qs Qh 2s
  720,Qs Qh 2d
  721,Qs Js Jh
  722,Qs Jh Jd
  723,Qs Js Ts
  724,Qs Js Th
  725,Qs Jh Ts
  726,Qs Jh Th
  727,Qs Jh Td
  728,Qs Js 9s
  729,Qs Js 9h
  730,Qs Jh 9s
  731,Qs Jh 9h
  732,Qs Jh 9d
  733,Qs Js 8s
  734,Qs Js 8h
  735,Qs Jh 8s
  736,Qs Jh 8h
  737,Qs Jh 8d
  738,Qs Js 7s
  739,Qs Js 7h
  740,Qs Jh 7s
  741,Qs Jh 7h
  742,Qs Jh 7d
  743,Qs Js 6s
  744,Qs Js 6h
  745,Qs Jh 6s
  746,Qs Jh 6h
  747,Qs Jh 6d
  748,Qs Js 5s
  749,Qs Js 5h
  750,Qs Jh 5s
  751,Qs Jh 5h
  752,Qs Jh 5d
  753,Qs Js 4s
  754,Qs Js 4h
  755,Qs Jh 4s
  756,Qs Jh 4h
  757,Qs Jh 4d
  758,Qs Js 3s
  759,Qs Js 3h
  760,Qs Jh 3s
  761,Qs Jh 3h
  762,Qs Jh 3d
  763,Qs Js 2s
  764,Qs Js 2h
  765,Qs Jh 2s
  766,Qs Jh 2h
  767,Qs Jh 2d
  768,Qs Ts Th
  769,Qs Th Td
  770,Qs Ts 9s
  771,Qs Ts 9h
  772,Qs Th 9s
  773,Qs Th 9h
  774,Qs Th 9d
  775,Qs Ts 8s
  776,Qs Ts 8h
  777,Qs Th 8s
  778,Qs Th 8h
  779,Qs Th 8d
  780,Qs Ts 7s
  781,Qs Ts 7h
  782,Qs Th 7s
  783,Qs Th 7h
  784,Qs Th 7d
  785,Qs Ts 6s
  786,Qs Ts 6h
  787,Qs Th 6s
  788,Qs Th 6h
  789,Qs Th 6d
  790,Qs Ts 5s
  791,Qs Ts 5h
  792,Qs Th 5s
  793,Qs Th 5h
  794,Qs Th 5d
  795,Qs Ts 4s
  796,Qs Ts 4h
  797,Qs Th 4s
  798,Qs Th 4h
  799,Qs Th 4d
  800,Qs Ts 3s
  801,Qs Ts 3h
  802,Qs Th 3s
  803,Qs Th 3h
  804,Qs Th 3d
  805,Qs Ts 2s
  806,Qs Ts 2h
  807,Qs Th 2s
  808,Qs Th 2h
  809,Qs Th 2d
  810,Qs 9s 9h
  811,Qs 9h 9d
  812,Qs 9s 8s
  813,Qs 9s 8h
  814,Qs 9h 8s
  815,Qs 9h 8h
  816,Qs 9h 8d
  817,Qs 9s 7s
  818,Qs 9s 7h
  819,Qs 9h 7s
  820,Qs 9h 7h
  821,Qs 9h 7d
  822,Qs 9s 6s
  823,Qs 9s 6h
  824,Qs 9h 6s
  825,Qs 9h 6h
  826,Qs 9h 6d
  827,Qs 9s 5s
  828,Qs 9s 5h
  829,Qs 9h 5s
  830,Qs 9h 5h
  831,Qs 9h 5d
  832,Qs 9s 4s
  833,Qs 9s 4h
  834,Qs 9h 4s
  835,Qs 9h 4h
  836,Qs 9h 4d
  837,Qs 9s 3s
  838,Qs 9s 3h
  839,Qs 9h 3s
  840,Qs 9h 3h
  841,Qs 9h 3d
  842,Qs 9s 2s
  843,Qs 9s 2h
  844,Qs 9h 2s
  845,Qs 9h 2h
  846,Qs 9h 2d
  847,Qs 8s 8h
  848,Qs 8h 8d
  849,Qs 8s 7s
  850,Qs 8s 7h
  851,Qs 8h 7s
  852,Qs 8h 7h
  853,Qs 8h 7d
  854,Qs 8s 6s
  855,Qs 8s 6h
  856,Qs 8h 6s
  857,Qs 8h 6h
  858,Qs 8h 6d
  859,Qs 8s 5s
  860,Qs 8s 5h
  861,Qs 8h 5s
  862,Qs 8h 5h
  863,Qs 8h 5d
  864,Qs 8s 4s
  865,Qs 8s 4h
  866,Qs 8h 4s
  867,Qs 8h 4h
  868,Qs 8h 4d
  869,Qs 8s 3s
  870,Qs 8s 3h
  871,Qs 8h 3s
  872,Qs 8h 3h
  873,Qs 8h 3d
  874,Qs 8s 2s
  875,Qs 8s 2h
  876,Qs 8h 2s
  877,Qs 8h 2h
  878,Qs 8h 2d
  879,Qs 7s 7h
  880,Qs 7h 7d
  881,Qs 7s 6s
  882,Qs 7s 6h
  883,Qs 7h 6s
  884,Qs 7h 6h
  885,Qs 7h 6d
  886,Qs 7s 5s
  887,Qs 7s 5h
  888,Qs 7h 5s
  889,Qs 7h 5h
  890,Qs 7h 5d
  891,Qs 7s 4s
  892,Qs 7s 4h
  893,Qs 7h 4s
  894,Qs 7h 4h
  895,Qs 7h 4d
  896,Qs 7s 3s
  897,Qs 7s 3h
  898,Qs 7h 3s
  899,Qs 7h 3h
  900,Qs 7h 3d
  901,Qs 7s 2s
  902,Qs 7s 2h
  903,Qs 7h 2s
  904,Qs 7h 2h
  905,Qs 7h 2d
  906,Qs 6s 6h
  907,Qs 6h 6d
  908,Qs 6s 5s
  909,Qs 6s 5h
  910,Qs 6h 5s
  911,Qs 6h 5h
  912,Qs 6h 5d
  913,Qs 6s 4s
  914,Qs 6s 4h
  915,Qs 6h 4s
  916,Qs 6h 4h
  917,Qs 6h 4d
  918,Qs 6s 3s
  919,Qs 6s 3h
  920,Qs 6h 3s
  921,Qs 6h 3h
  922,Qs 6h 3d
  923,Qs 6s 2s
  924,Qs 6s 2h
  925,Qs 6h 2s
  926,Qs 6h 2h
  927,Qs 6h 2d
  928,Qs 5s 5h
  929,Qs 5h 5d
  930,Qs 5s 4s
  931,Qs 5s 4h
  932,Qs 5h 4s
  933,Qs 5h 4h
  934,Qs 5h 4d
  935,Qs 5s 3s
  936,Qs 5s 3h
  937,Qs 5h 3s
  938,Qs 5h 3h
  939,Qs 5h 3d
  940,Qs 5s 2s
  941,Qs 5s 2h
  942,Qs 5h 2s
  943,Qs 5h 2h
  944,Qs 5h 2d
  945,Qs 4s 4h
  946,Qs 4h 4d
  947,Qs 4s 3s
  948,Qs 4s 3h
  949,Qs 4h 3s
  950,Qs 4h 3h
  951,Qs 4h 3d
  952,Qs 4s 2s
  953,Qs 4s 2h
  954,Qs 4h 2s
  955,Qs 4h 2h
  956,Qs 4h 2d
  957,Qs 3s 3h
  958,Qs 3h 3d
  959,Qs 3s 2s
  960,Qs 3s 2h
  961,Qs 3h 2s
  962,Qs 3h 2h
  963,Qs 3h 2d
  964,Qs 2s 2h
  965,Qs 2h 2d
  966,Js Jh Jd
  967,Js Jh Ts
  968,Js Jh Td
  969,Js Jh 9s
  970,Js Jh 9d
  971,Js Jh 8s
  972,Js Jh 8d
  973,Js Jh 7s
  974,Js Jh 7d
  975,Js Jh 6s
  976,Js Jh 6d
  977,Js Jh 5s
  978,Js Jh 5d
  979,Js Jh 4s
  980,Js Jh 4d
  981,Js Jh 3s
  982,Js Jh 3d
  983,Js Jh 2s
  984,Js Jh 2d
  985,Js Ts Th
  986,Js Th Td
  987,Js Ts 9s
  988,Js Ts 9h
  989,Js Th 9s
  990,Js Th 9h
  991,Js Th 9d
  992,Js Ts 8s
  993,Js Ts 8h
  994,Js Th 8s
  995,Js Th 8h
  996,Js Th 8d
  997,Js Ts 7s
  998,Js Ts 7h
  999,Js Th 7s
 1000,Js Th 7h
 1001,Js Th 7d
 1002,Js Ts 6s
 1003,Js Ts 6h
 1004,Js Th 6s
 1005,Js Th 6h
 1006,Js Th 6d
 1007,Js Ts 5s
 1008,Js Ts 5h
 1009,Js Th 5s
 1010,Js Th 5h
 1011,Js Th 5d
 1012,Js Ts 4s
 1013,Js Ts 4h
 1014,Js Th 4s
 1015,Js Th 4h
 1016,Js Th 4d
 1017,Js Ts 3s
 1018,Js Ts 3h
 1019,Js Th 3s
 1020,Js Th 3h
 1021,Js Th 3d
 1022,Js Ts 2s
 1023,Js Ts 2h
 1024,Js Th 2s
 1025,Js Th 2h
 1026,Js Th 2d
 1027,Js 9s 9h
 1028,Js 9h 9d
 1029,Js 9s 8s
 1030,Js 9s 8h
 1031,Js 9h 8s
 1032,Js 9h 8h
 1033,Js 9h 8d
 1034,Js 9s 7s
 1035,Js 9s 7h
 1036,Js 9h 7s
 1037,Js 9h 7h
 1038,Js 9h 7d
 1039,Js 9s 6s
 1040,Js 9s 6h
 1041,Js 9h 6s
 1042,Js 9h 6h
 1043,Js 9h 6d
 1044,Js 9s 5s
 1045,Js 9s 5h
 1046,Js 9h 5s
 1047,Js 9h 5h
 1048,Js 9h 5d
 1049,Js 9s 4s
 1050,Js 9s 4h
 1051,Js 9h 4s
 1052,Js 9h 4h
 1053,Js 9h 4d
 1054,Js 9s 3s
 1055,Js 9s 3h
 1056,Js 9h 3s
 1057,Js 9h 3h
 1058,Js 9h 3d
 1059,Js 9s 2s
 1060,Js 9s 2h
 1061,Js 9h 2s
 1062,Js 9h 2h
 1063,Js 9h 2d
 1064,Js 8s 8h
 1065,Js 8h 8d
 1066,Js 8s 7s
 1067,Js 8s 7h
 1068,Js 8h 7s
 1069,Js 8h 7h
 1070,Js 8h 7d
 1071,Js 8s 6s
 1072,Js 8s 6h
 1073,Js 8h 6s
 1074,Js 8h 6h
 1075,Js 8h 6d
 1076,Js 8s 5s
 1077,Js 8s 5h
 1078,Js 8h 5s
 1079,Js 8h 5h
 1080,Js 8h 5d
 1081,Js 8s 4s
 1082,Js 8s 4h
 1083,Js 8h 4s
 1084,Js 8h 4h
 1085,Js 8h 4d
 1086,Js 8s 3s
 1087,Js 8s 3h
 1088,Js 8h 3s
 1089,Js 8h 3h
 1090,Js 8h 3d
 1091,Js 8s 2s
 1092,Js 8s 2h
 1093,Js 8h 2s
 1094,Js 8h 2h
 1095,Js 8h 2d
 1096,Js 7s 7h
 1097,Js 7h 7d
 1098,Js 7s 6s
 1099,Js 7s 6h
 1100,Js 7h 6s
 1101,Js 7h 6h
 1102,Js 7h 6d
 1103,Js 7s 5s
 1104,Js 7s 5h
 1105,Js 7h 5s
 1106,Js 7h 5h
 1107,Js 7h 5d
 1108,Js 7s 4s
 1109,Js 7s 4h
 1110,Js 7h 4s
 1111,Js 7h 4h
 1112,Js 7h 4d
 1113,Js 7s 3s
 1114,Js 7s 3h
 1115,Js 7h 3s
 1116,Js 7h 3h
 1117,Js 7h 3d
 1118,Js 7s 2s
 1119,Js 7s 2h
 1120,Js 7h 2s
 1121,Js 7h 2h
 1122,Js 7h 2d
 1123,Js 6s 6h
 1124,Js 6h 6d
 1125,Js 6s 5s
 1126,Js 6s 5h
 1127,Js 6h 5s
 1128,Js 6h 5h
 1129,Js 6h 5d
 1130,Js 6s 4s
 1131,Js 6s 4h
 1132,Js 6h 4s
 1133,Js 6h 4h
 1134,Js 6h 4d
 1135,Js 6s 3s
 1136,Js 6s 3h
 1137,Js 6h 3s
 1138,Js 6h 3h
 1139,Js 6h 3d
 1140,Js 6s 2s
 1141,Js 6s 2h
 1142,Js 6h 2s
 1143,Js 6h 2h
 1144,Js 6h 2d
 1145,Js 5s 5h
 1146,Js 5h 5d
 1147,Js 5s 4s
 1148,Js 5s 4h
 1149,Js 5h 4s
 1150,Js 5h 4h
 1151,Js 5h 4d
 1152,Js 5s 3s
 1153,Js 5s 3h
 1154,Js 5h 3s
 1155,Js 5h 3h
 1156,Js 5h 3d
 1157,Js 5s 2s
 1158,Js 5s 2h
 1159,Js 5h 2s
 1160,Js 5h 2h
 1161,Js 5h 2d
 1162,Js 4s 4h
 1163,Js 4h 4d
 1164,Js 4s 3s
 1165,Js 4s 3h
 1166,Js 4h 3s
 1167,Js 4h 3h
 1168,Js 4h 3d
 1169,Js 4s 2s
 1170,Js 4s 2h
 1171,Js 4h 2s
 1172,Js 4h 2h
 1173,Js 4h 2d
 1174,Js 3s 3h
 1175,Js 3h 3d
 1176,Js 3s 2s
 1177,Js 3s 2h
 1178,Js 3h 2s
 1179,Js 3h 2h
 1180,Js 3h 2d
 1181,Js 2s 2h
 1182,Js 2h 2d
 1183,Ts Th Td
 1184,Ts Th 9s
 1185,Ts Th 9d
 1186,Ts Th 8s
 1187,Ts Th 8d
 1188,Ts Th 7s
 1189,Ts Th 7d
 1190,Ts Th 6s
 1191,Ts Th 6d
 1192,Ts Th 5s
 1193,Ts Th 5d
 1194,Ts Th 4s
 1195,Ts Th 4d
 1196,Ts Th 3s
 1197,Ts Th 3d
 1198,Ts Th 2s
 1199,Ts Th 2d
 1200,Ts 9s 9h
 1201,Ts 9h 9d
 1202,Ts 9s 8s
 1203,Ts 9s 8h
 1204,Ts 9h 8s
 1205,Ts 9h 8h
 1206,Ts 9h 8d
 1207,Ts 9s 7s
 1208,Ts 9s 7h
 1209,Ts 9h 7s
 1210,Ts 9h 7h
 1211,Ts 9h 7d
 1212,Ts 9s 6s
 1213,Ts 9s 6h
 1214,Ts 9h 6s
 1215,Ts 9h 6h
 1216,Ts 9h 6d
 1217,Ts 9s 5s
 1218,Ts 9s 5h
 1219,Ts 9h 5s
 1220,Ts 9h 5h
 1221,Ts 9h 5d
 1222,Ts 9s 4s
 1223,Ts 9s 4h
 1224,Ts 9h 4s
 1225,Ts 9h 4h
 1226,Ts 9h 4d
 1227,Ts 9s 3s
 1228,Ts 9s 3h
 1229,Ts 9h 3s
 1230,Ts 9h 3h
 1231,Ts 9h 3d
 1232,Ts 9s 2s
 1233,Ts 9s 2h
 1234,Ts 9h 2s
 1235,Ts 9h 2h
 1236,Ts 9h 2d
 1237,Ts 8s 8h
 1238,Ts 8h 8d
 1239,Ts 8s 7s
 1240,Ts 8s 7h
 1241,Ts 8h 7s
 1242,Ts 8h 7h
 1243,Ts 8h 7d
 1244,Ts 8s 6s
 1245,Ts 8s 6h
 1246,Ts 8h 6s
 1247,Ts 8h 6h
 1248,Ts 8h 6d
 1249,Ts 8s 5s
 1250,Ts 8s 5h
 1251,Ts 8h 5s
 1252,Ts 8h 5h
 1253,Ts 8h 5d
 1254,Ts 8s 4s
 1255,Ts 8s 4h
 1256,Ts 8h 4s
 1257,Ts 8h 4h
 1258,Ts 8h 4d
 1259,Ts 8s 3s
 1260,Ts 8s 3h
 1261,Ts 8h 3s
 1262,Ts 8h 3h
 1263,Ts 8h 3d
 1264,Ts 8s 2s
 1265,Ts 8s 2h
 1266,Ts 8h 2s
 1267,Ts 8h 2h
 1268,Ts 8h 2d
 1269,Ts 7s 7h
 1270,Ts 7h 7d
 1271,Ts 7s 6s
 1272,Ts 7s 6h
 1273,Ts 7h 6s
 1274,Ts 7h 6h
 1275,Ts 7h 6d
 1276,Ts 7s 5s
 1277,Ts 7s 5h
 1278,Ts 7h 5s
 1279,Ts 7h 5h
 1280,Ts 7h 5d
 1281,Ts 7s 4s
 1282,Ts 7s 4h
 1283,Ts 7h 4s
 1284,Ts 7h 4h
 1285,Ts 7h 4d
 1286,Ts 7s 3s
 1287,Ts 7s 3h
 1288,Ts 7h 3s
 1289,Ts 7h 3h
 1290,Ts 7h 3d
 1291,Ts 7s 2s
 1292,Ts 7s 2h
 1293,Ts 7h 2s
 1294,Ts 7h 2h
 1295,Ts 7h 2d
 1296,Ts 6s 6h
 1297,Ts 6h 6d
 1298,Ts 6s 5s
 1299,Ts 6s 5h
 1300,Ts 6h 5s
 1301,Ts 6h 5h
 1302,Ts 6h 5d
 1303,Ts 6s 4s
 1304,Ts 6s 4h
 1305,Ts 6h 4s
 1306,Ts 6h 4h
 1307,Ts 6h 4d
 1308,Ts 6s 3s
 1309,Ts 6s 3h
 1310,Ts 6h 3s
 1311,Ts 6h 3h
 1312,Ts 6h 3d
 1313,Ts 6s 2s
 1314,Ts 6s 2h
 1315,Ts 6h 2s
 1316,Ts 6h 2h
 1317,Ts 6h 2d
 1318,Ts 5s 5h
 1319,Ts 5h 5d
 1320,Ts 5s 4s
 1321,Ts 5s 4h
 1322,Ts 5h 4s
 1323,Ts 5h 4h
 1324,Ts 5h 4d
 1325,Ts 5s 3s
 1326,Ts 5s 3h
 1327,Ts 5h 3s
 1328,Ts 5h 3h
 1329,Ts 5h 3d
 1330,Ts 5s 2s
 1331,Ts 5s 2h
 1332,Ts 5h 2s
 1333,Ts 5h 2h
 1334,Ts 5h 2d
 1335,Ts 4s 4h
 1336,Ts 4h 4d
 1337,Ts 4s 3s
 1338,Ts 4s 3h
 1339,Ts 4h 3s
 1340,Ts 4h 3h
 1341,Ts 4h 3d
 1342,Ts 4s 2s
 1343,Ts 4s 2h
 1344,Ts 4h 2s
 1345,Ts 4h 2h
 1346,Ts 4h 2d
 1347,Ts 3s 3h
 1348,Ts 3h 3d
 1349,Ts 3s 2s
 1350,Ts 3s 2h
 1351,Ts 3h 2s
 1352,Ts 3h 2h
 1353,Ts 3h 2d
 1354,Ts 2s 2h
 1355,Ts 2h 2d
 1356,9s 9h 9d
 1357,9s 9h 8s
 1358,9s 9h 8d
 1359,9s 9h 7s
 1360,9s 9h 7d
 1361,9s 9h 6s
 1362,9s 9h 6d
 1363,9s 9h 5s
 1364,9s 9h 5d
 1365,9s 9h 4s
 1366,9s 9h 4d
 1367,9s 9h 3s
 1368,9s 9h 3d
 1369,9s 9h 2s
 1370,9s 9h 2d
 1371,9s 8s 8h
 1372,9s 8h 8d
 1373,9s 8s 7s
 1374,9s 8s 7h
 1375,9s 8h 7s
 1376,9s 8h 7h
 1377,9s 8h 7d
 1378,9s 8s 6s
 1379,9s 8s 6h
 1380,9s 8h 6s
 1381,9s 8h 6h
 1382,9s 8h 6d
 1383,9s 8s 5s
 1384,9s 8s 5h
 1385,9s 8h 5s
 1386,9s 8h 5h
 1387,9s 8h 5d
 1388,9s 8s 4s
 1389,9s 8s 4h
 1390,9s 8h 4s
 1391,9s 8h 4h
 1392,9s 8h 4d
 1393,9s 8s 3s
 1394,9s 8s 3h
 1395,9s 8h 3s
 1396,9s 8h 3h
 1397,9s 8h 3d
 1398,9s 8s 2s
 1399,9s 8s 2h
 1400,9s 8h 2s
 1401,9s 8h 2h
 1402,9s 8h 2d
 1403,9s 7s 7h
 1404,9s 7h 7d
 1405,9s 7s 6s
 1406,9s 7s 6h
 1407,9s 7h 6s
 1408,9s 7h 6h
 1409,9s 7h 6d
 1410,9s 7s 5s
 1411,9s 7s 5h
 1412,9s 7h 5s
 1413,9s 7h 5h
 1414,9s 7h 5d
 1415,9s 7s 4s
 1416,9s 7s 4h
 1417,9s 7h 4s
 1418,9s 7h 4h
 1419,9s 7h 4d
 1420,9s 7s 3s
 1421,9s 7s 3h
 1422,9s 7h 3s
 1423,9s 7h 3h
 1424,9s 7h 3d
 1425,9s 7s 2s
 1426,9s 7s 2h
 1427,9s 7h 2s
 1428,9s 7h 2h
 1429,9s 7h 2d
 1430,9s 6s 6h
 1431,9s 6h 6d
 1432,9s 6s 5s
 1433,9s 6s 5h
 1434,9s 6h 5s
 1435,9s 6h 5h
 1436,9s 6h 5d
 1437,9s 6s 4s
 1438,9s 6s 4h
 1439,9s 6h 4s
 1440,9s 6h 4h
 1441,9s 6h 4d
 1442,9s 6s 3s
 1443,9s 6s 3h
 1444,9s 6h 3s
 1445,9s 6h 3h
 1446,9s 6h 3d
 1447,9s 6s 2s
 1448,9s 6s 2h
 1449,9s 6h 2s
 1450,9s 6h 2h
 1451,9s 6h 2d
 1452,9s 5s 5h
 1453,9s 5h 5d
 1454,9s 5s 4s
 1455,9s 5s 4h
 1456,9s 5h 4s
 1457,9s 5h 4h
 1458,9s 5h 4d
 1459,9s 5s 3s
 1460,9s 5s 3h
 1461,9s 5h 3s
 1462,9s 5h 3h
 1463,9s 5h 3d
 1464,9s 5s 2s
 1465,9s 5s 2h
 1466,9s 5h 2s
 1467,9s 5h 2h
 1468,9s 5h 2d
 1469,9s 4s 4h
 1470,9s 4h 4d
 1471,9s 4s 3s
 1472,9s 4s 3h
 1473,9s 4h 3s
 1474,9s 4h 3h
 1475,9s 4h 3d
 1476,9s 4s 2s
 1477,9s 4s 2h
 1478,9s 4h 2s
 1479,9s 4h 2h
 1480,9s 4h 2d
 1481,9s 3s 3h
 1482,9s 3h 3d
 1483,9s 3s 2s
 1484,9s 3s 2h
 1485,9s 3h 2s
 1486,9s 3h 2h
 1487,9s 3h 2d
 1488,9s 2s 2h
 1489,9s 2h 2d
 1490,8s 8h 8d
 1491,8s 8h 7s
 1492,8s 8h 7d
 1493,8s 8h 6s
 1494,8s 8h 6d
 1495,8s 8h 5s
 1496,8s 8h 5d
 1497,8s 8h 4s
 1498,8s 8h 4d
 1499,8s 8h 3s
 1500,8s 8h 3d
 1501,8s 8h 2s
 1502,8s 8h 2d
 1503,8s 7s 7h
 1504,8s 7h 7d
 1505,8s 7s 6s
 1506,8s 7s 6h
 1507,8s 7h 6s
 1508,8s 7h 6h
 1509,8s 7h 6d
 1510,8s 7s 5s
 1511,8s 7s 5h
 1512,8s 7h 5s
 1513,8s 7h 5h
 1514,8s 7h 5d
 1515,8s 7s 4s
 1516,8s 7s 4h
 1517,8s 7h 4s
 1518,8s 7h 4h
 1519,8s 7h 4d
 1520,8s 7s 3s
 1521,8s 7s 3h
 1522,8s 7h 3s
 1523,8s 7h 3h
 1524,8s 7h 3d
 1525,8s 7s 2s
 1526,8s 7s 2h
 1527,8s 7h 2s
 1528,8s 7h 2h
 1529,8s 7h 2d
 1530,8s 6s 6h
 1531,8s 6h 6d
 1532,8s 6s 5s
 1533,8s 6s 5h
 1534,8s 6h 5s
 1535,8s 6h 5h
 1536,8s 6h 5d
 1537,8s 6s 4s
 1538,8s 6s 4h
 1539,8s 6h 4s
 1540,8s 6h 4h
 1541,8s 6h 4d
 1542,8s 6s 3s
 1543,8s 6s 3h
 1544,8s 6h 3s
 1545,8s 6h 3h
 1546,8s 6h 3d
 1547,8s 6s 2s
 1548,8s 6s 2h
 1549,8s 6h 2s
 1550,8s 6h 2h
 1551,8s 6h 2d
 1552,8s 5s 5h
 1553,8s 5h 5d
 1554,8s 5s 4s
 1555,8s 5s 4h
 1556,8s 5h 4s
 1557,8s 5h 4h
 1558,8s 5h 4d
 1559,8s 5s 3s
 1560,8s 5s 3h
 1561,8s 5h 3s
 1562,8s 5h 3h
 1563,8s 5h 3d
 1564,8s 5s 2s
 1565,8s 5s 2h
 1566,8s 5h 2s
 1567,8s 5h 2h
 1568,8s 5h 2d
 1569,8s 4s 4h
 1570,8s 4h 4d
 1571,8s 4s 3s
 1572,8s 4s 3h
 1573,8s 4h 3s
 1574,8s 4h 3h
 1575,8s 4h 3d
 1576,8s 4s 2s
 1577,8s 4s 2h
 1578,8s 4h 2s
 1579,8s 4h 2h
 1580,8s 4h 2d
 1581,8s 3s 3h
 1582,8s 3h 3d
 1583,8s 3s 2s
 1584,8s 3s 2h
 1585,8s 3h 2s
 1586,8s 3h 2h
 1587,8s 3h 2d
 1588,8s 2s 2h
 1589,8s 2h 2d
 1590,7s 7h 7d
 1591,7s 7h 6s
 1592,7s 7h 6d
 1593,7s 7h 5s
 1594,7s 7h 5d
 1595,7s 7h 4s
 1596,7s 7h 4d
 1597,7s 7h 3s
 1598,7s 7h 3d
 1599,7s 7h 2s
 1600,7s 7h 2d
 1601,7s 6s 6h
 1602,7s 6h 6d
 1603,7s 6s 5s
 1604,7s 6s 5h
 1605,7s 6h 5s
 1606,7s 6h 5h
 1607,7s 6h 5d
 1608,7s 6s 4s
 1609,7s 6s 4h
 1610,7s 6h 4s
 1611,7s 6h 4h
 1612,7s 6h 4d
 1613,7s 6s 3s
 1614,7s 6s 3h
 1615,7s 6h 3s
 1616,7s 6h 3h
 1617,7s 6h 3d
 1618,7s 6s 2s
 1619,7s 6s 2h
 1620,7s 6h 2s
 1621,7s 6h 2h
 1622,7s 6h 2d
 1623,7s 5s 5h
 1624,7s 5h 5d
 1625,7s 5s 4s
 1626,7s 5s 4h
 1627,7s 5h 4s
 1628,7s 5h 4h
 1629,7s 5h 4d
 1630,7s 5s 3s
 1631,7s 5s 3h
 1632,7s 5h 3s
 1633,7s 5h 3h
 1634,7s 5h 3d
 1635,7s 5s 2s
 1636,7s 5s 2h
 1637,7s 5h 2s
 1638,7s 5h 2h
 1639,7s 5h 2d
 1640,7s 4s 4h
 1641,7s 4h 4d
 1642,7s 4s 3s
 1643,7s 4s 3h
 1644,7s 4h 3s
 1645,7s 4h 3h
 1646,7s 4h 3d
 1647,7s 4s 2s
 1648,7s 4s 2h
 1649,7s 4h 2s
 1650,7s 4h 2h
 1651,7s 4h 2d
 1652,7s 3s 3h
 1653,7s 3h 3d
 1654,7s 3s 2s
 1655,7s 3s 2h
 1656,7s 3h 2s
 1657,7s 3h 2h
 1658,7s 3h 2d
 1659,7s 2s 2h
 1660,7s 2h 2d
 1661,6s 6h 6d
 1662,6s 6h 5s
 1663,6s 6h 5d
 1664,6s 6h 4s
 1665,6s 6h 4d
 1666,6s 6h 3s
 1667,6s 6h 3d
 1668,6s 6h 2s
 1669,6s 6h 2d
 1670,6s 5s 5h
 1671,6s 5h 5d
 1672,6s 5s 4s
 1673,6s 5s 4h
 1674,6s 5h 4s
 1675,6s 5h 4h
 1676,6s 5h 4d
 1677,6s 5s 3s
 1678,6s 5s 3h
 1679,6s 5h 3s
 1680,6s 5h 3h
 1681,6s 5h 3d
 1682,6s 5s 2s
 1683,6s 5s 2h
 1684,6s 5h 2s
 1685,6s 5h 2h
 1686,6s 5h 2d
 1687,6s 4s 4h
 1688,6s 4h 4d
 1689,6s 4s 3s
 1690,6s 4s 3h
 1691,6s 4h 3s
 1692,6s 4h 3h
 1693,6s 4h 3d
 1694,6s 4s 2s
 1695,6s 4s 2h
 1696,6s 4h 2s
 1697,6s 4h 2h
 1698,6s 4h 2d
 1699,6s 3s 3h
 1700,6s 3h 3d
 1701,6s 3s 2s
 1702,6s 3s 2h
 1703,6s 3h 2s
 1704,6s 3h 2h
 1705,6s 3h 2d
 1706,6s 2s 2h
 1707,6s 2h 2d
 1708,5s 5h 5d
 1709,5s 5h 4s
 1710,5s 5h 4d
 1711,5s 5h 3s
 1712,5s 5h 3d
 1713,5s 5h 2s
 1714,5s 5h 2d
 1715,5s 4s 4h
 1716,5s 4h 4d
 1717,5s 4s 3s
 1718,5s 4s 3h
 1719,5s 4h 3s
 1720,5s 4h 3h
 1721,5s 4h 3d
 1722,5s 4s 2s
 1723,5s 4s 2h
 1724,5s 4h 2s
 1725,5s 4h 2h
 1726,5s 4h 2d
 1727,5s 3s 3h
 1728,5s 3h 3d
 1729,5s 3s 2s
 1730,5s 3s 2h
 1731,5s 3h 2s
 1732,5s 3h 2h
 1733,5s 3h 2d
 1734,5s 2s 2h
 1735,5s 2h 2d
 1736,4s 4h 4d
 1737,4s 4h 3s
 1738,4s 4h 3d
 1739,4s 4h 2s
 1740,4s 4h 2d
 1741,4s 3s 3h
 1742,4s 3h 3d
 1743,4s 3s 2s
 1744,4s 3s 2h
 1745,4s 3h 2s
 1746,4s 3h 2h
 1747,4s 3h 2d
 1748,4s 2s 2h
 1749,4s 2h 2d
 1750,3s 3h 3d
 1751,3s 3h 2s
 1752,3s 3h 2d
 1753,3s 2s 2h
 1754,3s 2h 2d
 1755,2s 2h 2d
